,date,location_key,new_confirmed,new_deceased,new_recovered,new_tested,cumulative_confirmed,cumulative_deceased,cumulative_recovered,cumulative_tested
1,1/19/2020,US,0,0,NA,NA,1,0,NA,NA
2,1/20/2020,US,0,0,NA,NA,1,0,NA,NA
3,1/21/2020,US,0,0,NA,NA,1,0,NA,NA
4,1/22/2020,US,4,0,NA,NA,4,0,NA,NA
5,1/23/2020,US,2,0,NA,NA,6,0,NA,NA
6,1/24/2020,US,1,0,NA,NA,7,0,NA,NA
7,1/25/2020,US,0,0,NA,NA,7,0,NA,NA
8,1/26/2020,US,1,0,NA,NA,8,0,NA,NA
9,1/27/2020,US,0,0,NA,NA,8,0,NA,NA
10,1/28/2020,US,0,0,NA,NA,8,0,NA,NA
11,1/29/2020,US,0,0,NA,NA,8,0,NA,NA
12,1/30/2020,US,0,0,NA,NA,8,0,NA,NA
13,1/31/2020,US,1,0,NA,NA,9,0,NA,NA
14,2/1/2020,US,1,0,NA,NA,10,0,NA,NA
15,2/2/2020,US,3,0,NA,NA,13,0,NA,NA
16,2/3/2020,US,4,0,NA,NA,17,0,NA,NA
17,2/4/2020,US,2,0,NA,NA,19,0,NA,NA
18,2/5/2020,US,0,0,NA,NA,19,0,NA,NA
19,2/6/2020,US,0,0,NA,NA,19,0,NA,NA
20,2/7/2020,US,1,0,NA,NA,20,0,NA,NA
21,2/8/2020,US,0,0,NA,NA,20,0,NA,NA
22,2/9/2020,US,0,0,NA,NA,20,0,NA,NA
23,2/10/2020,US,0,0,NA,NA,20,0,NA,NA
24,2/11/2020,US,0,0,NA,NA,20,0,NA,NA
25,2/12/2020,US,2,0,NA,NA,22,0,NA,NA
26,2/13/2020,US,1,0,NA,NA,23,0,NA,NA
27,2/14/2020,US,1,0,NA,NA,24,0,NA,NA
28,2/15/2020,US,0,0,NA,NA,24,0,NA,NA
29,2/16/2020,US,0,0,NA,NA,24,0,NA,NA
30,2/17/2020,US,2,0,NA,NA,26,0,NA,NA
31,2/18/2020,US,5,0,NA,NA,31,0,NA,NA
32,2/19/2020,US,3,0,NA,NA,34,0,NA,NA
33,2/20/2020,US,1,0,NA,NA,35,0,NA,NA
34,2/21/2020,US,5,0,NA,NA,40,0,NA,NA
35,2/22/2020,US,8,0,NA,NA,48,0,NA,NA
36,2/23/2020,US,0,0,NA,NA,48,0,NA,NA
37,2/24/2020,US,4,0,NA,NA,52,0,NA,NA
38,2/25/2020,US,4,0,NA,NA,56,0,NA,NA
39,2/26/2020,US,8,0,NA,NA,64,0,NA,NA
40,2/27/2020,US,5,1,NA,NA,69,1,NA,NA
41,2/28/2020,US,4,0,NA,NA,73,1,NA,NA
42,2/29/2020,US,9,1,NA,348,82,2,NA,348
43,3/1/2020,US,18,0,NA,515,100,2,NA,863
44,3/2/2020,US,34,6,NA,617,134,8,NA,1480
45,3/3/2020,US,51,3,NA,889,185,11,NA,2369
46,3/4/2020,US,70,1,NA,1203,255,12,NA,3572
47,3/5/2020,US,77,3,NA,1523,332,15,NA,5095
48,3/6/2020,US,125,3,NA,1772,457,18,NA,6867
49,3/7/2020,US,143,5,NA,1638,600,23,NA,8505
50,3/8/2020,US,206,4,NA,2397,806,27,NA,10902
51,3/9/2020,US,384,4,NA,3480,1190,31,NA,14382
52,3/10/2020,US,476,7,NA,4832,1666,38,NA,19214
53,3/11/2020,US,472,12,NA,8891,2138,50,NA,28105
54,3/12/2020,US,665,7,NA,11728,2803,57,NA,39833
55,3/13/2020,US,799,10,NA,13047,3602,67,NA,52880
56,3/14/2020,US,864,12,NA,14442,4466,79,NA,67322
57,3/15/2020,US,1542,19,NA,27328,6008,98,NA,94650
58,3/16/2020,US,1723,17,NA,39849,7731,115,NA,134499
59,3/17/2020,US,2179,22,NA,50396,9910,137,NA,184895
60,3/18/2020,US,2769,55,NA,60667,12679,192,NA,245562
61,3/19/2020,US,3656,58,NA,76323,16335,250,NA,321885
62,3/20/2020,US,4568,68,NA,75805,20903,318,NA,397690
63,3/21/2020,US,5437,85,NA,73938,26340,403,NA,471628
64,3/22/2020,US,6844,73,NA,79863,33184,476,NA,551491
65,3/23/2020,US,8047,111,NA,104605,41231,587,NA,656096
66,3/24/2020,US,8813,160,NA,114711,50044,747,NA,770807
67,3/25/2020,US,10507,207,NA,129285,60551,954,NA,900092
68,3/26/2020,US,14048,229,NA,135850,74599,1183,NA,1035942
69,3/27/2020,US,15319,344,NA,121756,89918,1527,NA,1157698
70,3/28/2020,US,15734,331,NA,110263,105652,1858,NA,1267961
71,3/29/2020,US,21188,412,NA,123493,126840,2270,NA,1391454
72,3/30/2020,US,11761,302,NA,142286,138601,2572,NA,1533740
73,3/31/2020,US,20131,635,NA,153137,158732,3207,NA,1686877
74,4/1/2020,US,22232,712,NA,161795,180964,3919,NA,1848672
75,4/2/2020,US,24432,841,NA,169304,205396,4760,NA,2017976
76,4/3/2020,US,26234,826,NA,147758,231630,5586,NA,2165734
77,4/4/2020,US,26640,882,NA,138656,258270,6468,NA,2304390
78,4/5/2020,US,21246,1207,NA,143107,279516,7675,NA,2447497
79,4/6/2020,US,24590,1002,NA,179993,304106,8677,NA,2627490
80,4/7/2020,US,25313,1352,NA,168334,329419,10029,NA,2795824
81,4/8/2020,US,27732,1444,NA,174076,357151,11473,NA,2969900
82,4/9/2020,US,28619,1401,NA,172118,385770,12874,NA,3142018
83,4/10/2020,US,26948,1464,NA,210493,412718,14338,NA,3352511
84,4/11/2020,US,26861,1452,NA,111575,439579,15790,NA,3464086
85,4/12/2020,US,22503,1147,NA,114211,462082,16937,NA,3578297
86,4/13/2020,US,21117,1181,NA,162586,483199,18118,NA,3740883
87,4/14/2020,US,22123,1728,NA,172412,505322,19846,NA,3913295
88,4/15/2020,US,21812,1952,NA,184293,527134,21798,NA,4097588
89,4/16/2020,US,27478,1807,NA,198617,554612,23605,NA,4296205
90,4/17/2020,US,26331,1759,NA,167368,580943,25364,NA,4463573
91,4/18/2020,US,24061,1327,NA,134423,605004,26691,NA,4597996
92,4/19/2020,US,23331,1533,NA,160545,628335,28224,NA,4758541
93,4/20/2020,US,23865,1556,NA,221320,652200,29780,NA,4979861
94,4/21/2020,US,22868,2164,NA,235936,675068,31944,NA,5215797
95,4/22/2020,US,27335,1795,NA,233372,702403,33739,NA,5449169
96,4/23/2020,US,29956,1592,NA,259672,732359,35331,NA,5708841
97,4/24/2020,US,31456,1700,NA,219677,763815,37031,NA,5928518
98,4/25/2020,US,29918,1457,NA,171690,793733,38488,NA,6100208
99,4/26/2020,US,24039,1176,NA,225931,817772,39664,NA,6326139
100,4/27/2020,US,22376,1196,NA,269839,840148,40860,NA,6595978
101,4/28/2020,US,22712,1817,NA,294899,862860,42677,NA,6890877
102,4/29/2020,US,24725,2102,NA,322681,887585,44779,NA,7213558
103,4/30/2020,US,28654,1980,NA,336832,916239,46759,NA,7550390
104,5/1/2020,US,29663,1653,NA,268454,945902,48412,NA,7818844
105,5/2/2020,US,26247,1359,NA,207704,972149,49771,NA,8026548
106,5/3/2020,US,24824,1189,NA,250773,996973,50960,NA,8277321
107,5/4/2020,US,20424,1026,NA,319458,1017397,51986,NA,8596779
108,5/5/2020,US,22079,2232,NA,359761,1039476,54218,NA,8956540
109,5/6/2020,US,23888,2149,NA,362735,1063364,56367,NA,9319275
110,5/7/2020,US,27807,1914,NA,403763,1091171,58281,NA,9723038
111,5/8/2020,US,26657,1440,NA,335787,1117828,59721,NA,10058825
112,5/9/2020,US,24663,1333,NA,249079,1142491,61054,NA,10307904
113,5/10/2020,US,20547,932,NA,319938,1163038,61986,NA,10627842
114,5/11/2020,US,19045,959,NA,422065,1182083,62945,NA,11049907
115,5/12/2020,US,23664,1416,NA,450444,1205747,64361,NA,11500351
116,5/13/2020,US,16219,1384,NA,450399,1221966,65745,NA,11950750
117,5/14/2020,US,33237,1836,NA,445678,1255203,67581,NA,12396428
118,5/15/2020,US,25448,1462,NA,366141,1280651,69043,NA,12762569
119,5/16/2020,US,24650,1136,NA,304469,1305301,70179,NA,13067038
120,5/17/2020,US,19084,828,NA,353140,1324385,71007,NA,13420178
121,5/18/2020,US,22502,868,NA,434082,1346887,71875,NA,13854260
122,5/19/2020,US,21331,1098,NA,463006,1368218,72973,NA,14317266
123,5/20/2020,US,23125,1300,NA,459823,1391343,74273,NA,14777089
124,5/21/2020,US,24776,1031,NA,492610,1416119,75304,NA,15269699
125,5/22/2020,US,24889,1712,NA,390392,1441008,77016,NA,15660091
126,5/23/2020,US,20100,876,NA,346924,1461108,77892,NA,16007015
127,5/24/2020,US,20591,736,NA,329120,1481699,78628,NA,16336135
128,5/25/2020,US,19063,615,NA,461503,1500762,79243,NA,16797638
129,5/26/2020,US,16342,778,NA,553789,1517104,80021,NA,17351427
130,5/27/2020,US,19307,1245,NA,536765,1536411,81266,NA,17888192
131,5/28/2020,US,23117,1173,NA,547321,1559528,82439,NA,18435513
132,5/29/2020,US,22958,992,NA,454174,1582486,83431,NA,18889687
133,5/30/2020,US,23395,860,NA,373561,1605881,84291,NA,19263248
134,5/31/2020,US,20610,634,NA,439452,1626491,84925,NA,19702700
135,6/1/2020,US,16889,636,NA,522297,1643380,85561,NA,20224997
136,6/2/2020,US,20572,898,NA,582629,1663952,86459,NA,20807626
137,6/3/2020,US,20323,978,NA,618808,1684275,87437,NA,21426434
138,6/4/2020,US,20040,835,NA,573428,1704315,88272,NA,21999862
139,6/5/2020,US,24183,829,NA,464583,1728498,89101,NA,22464445
140,6/6/2020,US,23179,636,NA,405716,1751677,89737,NA,22870161
141,6/7/2020,US,17328,555,NA,449419,1769005,90292,NA,23319580
142,6/8/2020,US,17820,754,NA,560586,1786825,91046,NA,23880166
143,6/9/2020,US,18373,799,NA,629040,1805198,91845,NA,24509206
144,6/10/2020,US,21771,826,NA,615060,1826969,92671,NA,25124266
145,6/11/2020,US,22581,862,NA,616758,1849550,93533,NA,25741024
146,6/12/2020,US,28055,691,NA,531849,1877605,94224,NA,26272873
147,6/13/2020,US,26042,657,NA,413204,1903647,94881,NA,26686077
148,6/14/2020,US,20106,464,NA,506635,1923753,95345,NA,27192712
149,6/15/2020,US,20452,520,NA,673173,1944205,95865,NA,27865885
150,6/16/2020,US,24593,647,NA,706181,1968798,96512,NA,28572066
151,6/17/2020,US,25488,654,NA,702203,1994286,97166,NA,29274269
152,6/18/2020,US,28194,637,NA,704527,2022480,97803,NA,29978796
153,6/19/2020,US,32868,725,NA,584336,2055348,98528,NA,30563132
154,6/20/2020,US,32982,556,NA,421474,2088330,99084,NA,30984606
155,6/21/2020,US,26882,404,NA,548126,2115212,99488,NA,31532732
156,6/22/2020,US,28572,413,NA,700814,2143784,99901,NA,32233546
157,6/23/2020,US,37702,715,NA,767274,2181486,100616,NA,33000820
158,6/24/2020,US,36883,674,NA,771742,2218369,101290,NA,33772562
159,6/25/2020,US,46854,701,NA,810296,2265223,103815,NA,34582858
160,6/26/2020,US,46226,689,NA,693840,2311449,104504,NA,35276698
161,6/27/2020,US,43205,562,NA,566401,2354654,105066,NA,35843099
162,6/28/2020,US,37244,421,NA,665154,2391898,105487,NA,36508253
163,6/29/2020,US,38486,460,NA,856414,2430384,105947,NA,37364667
164,6/30/2020,US,46496,628,NA,885037,2476880,106575,NA,38249704
165,7/1/2020,US,58951,763,NA,859004,2535831,107338,NA,39108708
166,7/2/2020,US,55197,694,NA,801413,2591028,108032,NA,39910121
167,7/3/2020,US,60022,801,NA,620839,2651050,108833,NA,40530960
168,7/4/2020,US,49269,522,NA,527115,2700319,109355,NA,41058075
169,7/5/2020,US,39919,445,NA,725934,2740238,109800,NA,41784009
170,7/6/2020,US,50988,621,NA,903863,2791226,110421,NA,42687872
171,7/7/2020,US,56732,916,NA,981279,2847958,111337,NA,43669151
172,7/8/2020,US,64318,1079,NA,1012346,2912276,112416,NA,44681497
173,7/9/2020,US,61889,945,NA,1016406,2974165,113361,NA,45697903
174,7/10/2020,US,68207,935,NA,840495,3042372,114296,NA,46538398
175,7/11/2020,US,68224,884,NA,698110,3110596,115180,NA,47236508
176,7/12/2020,US,58588,833,NA,868298,3169184,116013,NA,48104806
177,7/13/2020,US,55950,731,NA,1004235,3225134,116744,NA,49109041
178,7/14/2020,US,64754,916,NA,1035695,3289888,117660,NA,50144736
179,7/15/2020,US,71955,1110,NA,1029397,3361843,118770,NA,51174133
180,7/16/2020,US,69238,1073,NA,1047771,3431081,119843,NA,52221904
181,7/17/2020,US,76692,1075,NA,912739,3507773,120918,NA,53134643
182,7/18/2020,US,67006,988,NA,718510,3574779,121906,NA,53853153
183,7/19/2020,US,59745,922,NA,907852,3634524,122828,NA,54761005
184,7/20/2020,US,58443,870,NA,1036732,3692967,123698,NA,55797737
185,7/21/2020,US,63402,1173,NA,1110157,3756369,124871,NA,56907894
186,7/22/2020,US,72107,1184,NA,1084440,3828476,126055,NA,57992334
187,7/23/2020,US,73355,1260,NA,1075074,3901831,127315,NA,59067408
188,7/24/2020,US,73181,1281,NA,882249,3975012,128596,NA,59949657
189,7/25/2020,US,61170,1134,NA,677949,4036182,129730,NA,60627606
190,7/26/2020,US,58195,948,NA,798079,4094377,130678,NA,61425685
191,7/27/2020,US,53385,940,NA,968589,4147762,131618,NA,62394274
192,7/28/2020,US,58897,1176,NA,1040979,4206659,132794,NA,63435253
193,7/29/2020,US,64548,1164,NA,1038660,4271207,133958,NA,64473913
194,7/30/2020,US,66478,1409,NA,990988,4337685,135367,NA,65464901
195,7/31/2020,US,68412,1380,NA,793004,4406097,136747,NA,66257905
196,8/1/2020,US,56212,1122,NA,624557,4462309,137869,NA,66882462
197,8/2/2020,US,51229,915,NA,777367,4513538,138784,NA,67659829
198,8/3/2020,US,45242,881,NA,884258,4558780,139665,NA,68544087
199,8/4/2020,US,51750,1085,NA,965967,4610530,140750,NA,69510054
200,8/5/2020,US,55715,1264,NA,991066,4666245,142014,NA,70501120
201,8/6/2020,US,54600,1203,NA,1016143,4720845,143217,NA,71517263
202,8/7/2020,US,61885,1308,NA,815965,4782730,144525,NA,72333228
203,8/8/2020,US,51351,1036,NA,626770,4834081,145561,NA,72959998
204,8/9/2020,US,46317,895,NA,785440,4880398,146456,NA,73745438
205,8/10/2020,US,44088,818,NA,909628,4924486,147274,NA,74655066
206,8/11/2020,US,58824,1095,NA,1028648,4983310,148369,NA,75683714
207,8/12/2020,US,54839,1335,NA,980679,5038149,149704,NA,76664393
208,8/13/2020,US,51764,1197,NA,961908,5089913,150901,NA,77626301
209,8/14/2020,US,55827,1063,NA,767953,5145740,151964,NA,78394254
210,8/15/2020,US,51304,936,NA,573003,5197044,152900,NA,78967257
211,8/16/2020,US,41662,888,NA,677112,5238706,153788,NA,79644369
212,8/17/2020,US,41689,650,NA,895868,5280395,154438,NA,80540237
213,8/18/2020,US,41531,937,NA,1005392,5321926,155375,NA,81545629
214,8/19/2020,US,46803,1276,NA,997091,5368729,156651,NA,82542720
215,8/20/2020,US,46502,995,NA,965849,5415231,157646,NA,83508569
216,8/21/2020,US,47375,1019,NA,794575,5462606,158665,NA,84303144
217,8/22/2020,US,41542,993,NA,562121,5504148,159658,NA,84865265
218,8/23/2020,US,36850,837,NA,667078,5540998,160495,NA,85532343
219,8/24/2020,US,36011,609,NA,906376,5577009,161104,NA,86438719
220,8/25/2020,US,40696,885,NA,1018302,5617705,161989,NA,87457021
221,8/26/2020,US,46970,1057,NA,1021100,5664675,163046,NA,88478121
222,8/27/2020,US,46790,954,NA,987630,5711465,164000,NA,89465751
223,8/28/2020,US,46689,1031,NA,798695,5758154,165031,NA,90264446
224,8/29/2020,US,40683,821,NA,614916,5798837,165852,NA,90879362
225,8/30/2020,US,36361,721,NA,661983,5835198,166573,NA,91541345
226,8/31/2020,US,39130,581,NA,908137,5874328,167154,NA,92449482
227,9/1/2020,US,39014,852,NA,1027857,5913342,168006,NA,93477339
228,9/2/2020,US,41978,875,NA,1033322,5957025,168881,NA,94510661
229,9/3/2020,US,45147,951,NA,1000098,6002172,169832,NA,95510759
230,9/4/2020,US,50962,922,NA,817023,6053134,170754,NA,96327782
231,9/5/2020,US,41197,783,NA,566087,6094331,171537,NA,96893869
232,9/6/2020,US,33446,690,NA,415258,6127777,172227,NA,97309127
233,9/7/2020,US,24901,419,NA,664478,6152678,172646,NA,97973605
234,9/8/2020,US,28436,570,NA,959737,6181114,173216,NA,98933342
235,9/9/2020,US,35061,839,NA,1088683,6216175,174055,NA,100022025
236,9/10/2020,US,38345,841,NA,1101018,6254520,174896,NA,101123043
237,9/11/2020,US,44067,878,NA,866314,6298587,175774,NA,101989357
238,9/12/2020,US,39816,649,NA,628342,6338403,176423,NA,102617699
239,9/13/2020,US,32682,734,NA,709231,6371085,177157,NA,103326930
240,9/14/2020,US,34436,449,NA,968080,6405521,177606,NA,104295010
241,9/15/2020,US,36884,773,NA,1140356,6442405,178379,NA,105435366
242,9/16/2020,US,44308,1101,NA,1158618,6486713,179480,NA,106593984
243,9/17/2020,US,45054,730,NA,1230229,6531767,180210,NA,107824213
244,9/18/2020,US,47746,815,NA,939179,6579513,181025,NA,108763392
245,9/19/2020,US,42061,653,NA,624605,6621574,181678,NA,109387997
246,9/20/2020,US,33955,462,NA,751061,6655529,182140,NA,110139058
247,9/21/2020,US,41542,576,NA,1030405,6697071,182716,NA,111169463
248,9/22/2020,US,49864,655,NA,1205830,6746935,183371,NA,112375293
249,9/23/2020,US,42172,904,NA,1203312,6789107,184275,NA,113578605
250,9/24/2020,US,45863,745,NA,1130713,6834970,185020,NA,114709318
251,9/25/2020,US,49590,766,NA,939658,6884560,185786,NA,115648976
252,9/26/2020,US,42327,667,NA,597705,6926887,186453,NA,116246681
253,9/27/2020,US,34752,500,NA,668427,6961639,186953,NA,116915108
254,9/28/2020,US,38920,417,NA,985225,7000559,187370,NA,117900333
255,9/29/2020,US,38515,802,NA,1201679,7039074,188172,NA,119102012
256,9/30/2020,US,45516,687,NA,1225444,7084590,188859,NA,120327456
257,10/1/2020,US,46763,740,NA,1192888,7131353,189599,NA,121520344
258,10/2/2020,US,50488,902,NA,976617,7181841,190501,NA,122496961
259,10/3/2020,US,47337,542,NA,641516,7229178,191043,NA,123138477
260,10/4/2020,US,34944,605,NA,807970,7264122,191648,NA,123946447
261,10/5/2020,US,41441,524,NA,1228214,7305563,192172,NA,125174661
262,10/6/2020,US,41558,636,NA,1414298,7347121,192808,NA,126588959
263,10/7/2020,US,53447,802,NA,1435087,7400568,193610,NA,128024046
264,10/8/2020,US,55019,732,NA,1402552,7455587,194342,NA,129426598
265,10/9/2020,US,58518,787,NA,1106671,7514105,195129,NA,130533269
266,10/10/2020,US,53423,668,NA,748144,7567528,195797,NA,131281413
267,10/11/2020,US,44174,577,NA,811109,7611702,196374,NA,132092522
268,10/12/2020,US,49702,504,NA,1065918,7661404,196878,NA,133158440
269,10/13/2020,US,50249,649,NA,1232849,7711653,197527,NA,134391289
270,10/14/2020,US,57480,823,NA,1306768,7769133,198350,NA,135698057
271,10/15/2020,US,62451,712,NA,1332014,7831584,199062,NA,137030071
272,10/16/2020,US,68708,873,NA,1120938,7900292,199935,NA,138151009
273,10/17/2020,US,54012,681,NA,771165,7954304,200616,NA,138922174
274,10/18/2020,US,48485,740,NA,876329,8002789,201356,NA,139798503
275,10/19/2020,US,61603,617,NA,1278223,8064392,201973,NA,141076726
276,10/20/2020,US,58551,801,NA,1480937,8122943,202774,NA,142557663
277,10/21/2020,US,69446,1038,NA,1533814,8192389,203812,NA,144091477
278,10/22/2020,US,74272,922,NA,1466797,8266661,204734,NA,145558274
279,10/23/2020,US,82126,946,NA,1180398,8348787,205680,NA,146738672
280,10/24/2020,US,75612,794,NA,794272,8424399,206474,NA,147532944
281,10/25/2020,US,65177,606,NA,955237,8489576,207080,NA,148488181
282,10/26/2020,US,69434,705,NA,1341009,8559010,207785,NA,149829190
283,10/27/2020,US,75459,885,NA,1504915,8634469,208670,NA,151334105
284,10/28/2020,US,84203,1065,NA,1486820,8718672,209735,NA,152820925
285,10/29/2020,US,90632,1099,NA,1502418,8809304,210834,NA,154323343
286,10/30/2020,US,97033,917,NA,1220825,8906337,211751,NA,155544168
287,10/31/2020,US,92551,928,NA,899934,8998888,212679,NA,156444102
288,11/1/2020,US,73430,707,NA,1017282,9139793,213386,NA,157461384
289,11/2/2020,US,86955,748,NA,1365330,9226748,214134,NA,158826714
290,11/3/2020,US,98165,1025,NA,1633334,9324913,215159,NA,160460048
291,11/4/2020,US,113706,1298,NA,1696886,9438619,216457,NA,162156934
292,11/5/2020,US,122546,1203,NA,1678233,9561165,217660,NA,163835167
293,11/6/2020,US,132983,1292,NA,1456573,9694148,218952,NA,165291740
294,11/7/2020,US,127979,1066,NA,1011561,9822127,220018,NA,166303301
295,11/8/2020,US,110475,884,NA,1224579,9932602,220902,NA,167527880
296,11/9/2020,US,124089,936,NA,1539654,10056691,221838,NA,169067534
297,11/10/2020,US,146588,1218,NA,1792000,10203279,223522,NA,170859534
298,11/11/2020,US,152169,1517,NA,1854418,10355448,225039,NA,172713952
299,11/12/2020,US,160816,1355,NA,1905446,10516264,226394,NA,174619398
300,11/13/2020,US,176134,1266,NA,1598977,10692398,227660,NA,176218375
301,11/14/2020,US,162420,1443,NA,1197843,10854818,229103,NA,177416218
302,11/15/2020,US,137643,1032,NA,1492734,10992461,230135,NA,178908952
303,11/16/2020,US,151744,1055,NA,1906033,11144205,231190,NA,180814985
304,11/17/2020,US,166507,1578,NA,2099920,11310712,232768,NA,182914905
305,11/18/2020,US,169368,1851,NA,2077284,11480080,234619,NA,184992189
306,11/19/2020,US,188079,1907,NA,2151567,11668159,236526,NA,187143756
307,11/20/2020,US,192613,1980,NA,1857757,11860772,238506,NA,189001513
308,11/21/2020,US,172087,1688,NA,1422833,12032859,240194,NA,190424346
309,11/22/2020,US,148990,1313,NA,1674215,12181849,241507,NA,192098561
310,11/23/2020,US,158285,1448,NA,1972982,12340134,242955,NA,194071543
311,11/24/2020,US,174294,1884,NA,2226171,12514428,244839,NA,196297714
312,11/25/2020,US,192850,2290,NA,1506621,12707278,247129,NA,197804335
313,11/26/2020,US,142270,1653,NA,1512764,12849548,248782,NA,199317099
314,11/27/2020,US,162828,1658,NA,1348743,13012376,250440,NA,200665842
315,11/28/2020,US,143346,1491,NA,1152025,13155722,251931,NA,201817867
316,11/29/2020,US,138475,1276,NA,1465722,13294197,253207,NA,203283589
317,11/30/2020,US,150304,1584,NA,1844345,13444501,254791,NA,205127934
318,12/1/2020,US,190999,2373,NA,2099739,13635500,257164,NA,207227673
319,12/2/2020,US,206660,2769,NA,2148710,13842160,259933,NA,209376383
320,12/3/2020,US,214414,2704,NA,2119093,14056574,262637,NA,211495476
321,12/4/2020,US,222120,2608,NA,1692329,14278694,265245,NA,213187805
322,12/5/2020,US,202826,2322,NA,1293215,14481520,267567,NA,214481020
323,12/6/2020,US,174081,1578,NA,1541115,14655601,269145,NA,216022135
324,12/7/2020,US,181325,2001,NA,1916125,14836926,271146,NA,217938260
325,12/8/2020,US,225618,2524,NA,2125501,15062544,273670,NA,220063761
326,12/9/2020,US,218172,3354,NA,2182843,15280716,277024,NA,222246604
327,12/10/2020,US,205111,2681,NA,2057581,15485827,279705,NA,224304185
328,12/11/2020,US,243390,3173,NA,1723193,15729217,282878,NA,226027378
329,12/12/2020,US,212758,2377,NA,1249594,15941975,285255,NA,227276972
330,12/13/2020,US,177830,2021,NA,1495092,16119805,287276,NA,228772064
331,12/14/2020,US,195630,1996,NA,1946701,16315435,289272,NA,230718765
332,12/15/2020,US,197440,2724,NA,2078178,16512875,291996,NA,232796943
333,12/16/2020,US,237037,3374,NA,2053475,16749912,295370,NA,234850418
334,12/17/2020,US,242528,3316,NA,2022937,16992440,298686,NA,236873355
335,12/18/2020,US,233736,2934,NA,1712286,17226176,301620,NA,238585641
336,12/19/2020,US,200308,2653,NA,1277375,17426484,304273,NA,239863016
337,12/20/2020,US,183359,2061,NA,1529579,17609843,306334,NA,241392595
338,12/21/2020,US,180485,2161,NA,1988864,17790328,308495,NA,243381459
339,12/22/2020,US,196107,2882,NA,2281252,17986435,311377,NA,245662711
340,12/23/2020,US,221580,3175,NA,1892296,18208015,314552,NA,247555007
341,12/24/2020,US,197846,2973,NA,1078263,18405861,317525,NA,248633270
342,12/25/2020,US,154938,2186,NA,994670,18560799,319711,NA,249627940
343,12/26/2020,US,146250,1616,NA,950263,18707049,321327,NA,250578203
344,12/27/2020,US,153183,1867,NA,1310231,18860232,323194,NA,251888434
345,12/28/2020,US,174073,2218,NA,1887954,19034305,325412,NA,253776388
346,12/29/2020,US,205461,3326,NA,2193039,19239766,328738,NA,255969427
347,12/30/2020,US,231200,3711,NA,1925018,19470966,332449,NA,257894445
348,12/31/2020,US,224032,3721,NA,1256463,19694998,336170,NA,259150908
349,1/1/2021,US,221574,2990,NA,1119070,19916572,339160,NA,260269978
350,1/2/2021,US,222799,2332,NA,1052326,20139371,341492,NA,261322304
351,1/3/2021,US,202549,2015,NA,1409827,20341920,343507,NA,262732131
352,1/4/2021,US,169966,2037,NA,1974693,20511886,345544,NA,264706824
353,1/5/2021,US,239346,3447,NA,2340145,20751232,348991,NA,267046969
354,1/6/2021,US,251544,3809,NA,2262956,21002776,352800,NA,269309925
355,1/7/2021,US,262724,3917,NA,2153279,21265500,356717,NA,271463204
356,1/8/2021,US,286196,3698,NA,1720578,21551696,360415,NA,273183782
357,1/9/2021,US,249420,3290,NA,1170635,21801116,363705,NA,274354417
358,1/10/2021,US,218491,2511,NA,1532022,22019607,366216,NA,275886439
359,1/11/2021,US,199816,2543,NA,2038465,22219423,368759,NA,277924904
360,1/12/2021,US,213843,3555,NA,2119448,22433266,372314,NA,280044352
361,1/13/2021,US,221017,4021,NA,2091637,22654283,376335,NA,282135989
362,1/14/2021,US,217250,3643,NA,2051185,22871533,379978,NA,284187174
363,1/15/2021,US,233727,3343,NA,1598624,23105260,383321,NA,285785798
364,1/16/2021,US,206865,3452,NA,1077937,23312125,386773,NA,286863735
365,1/17/2021,US,178458,2518,NA,1296443,23490583,389291,NA,288160178
366,1/18/2021,US,147277,2233,NA,1818812,23637860,391524,NA,289978990
367,1/19/2021,US,145943,2707,NA,2144966,23784387,394231,NA,292123956
368,1/20/2021,US,182351,3787,NA,2069101,23966738,398018,NA,294193057
369,1/21/2021,US,182141,3763,NA,1939367,24148879,401781,NA,296132424
370,1/22/2021,US,184979,3626,NA,1555838,24333858,405407,NA,297688262
371,1/23/2021,US,158796,2930,NA,1009167,24492654,408337,NA,298697429
372,1/24/2021,US,138475,2401,NA,1243609,24631129,410738,NA,299941038
373,1/25/2021,US,130008,2052,NA,1795052,24761137,412790,NA,301736090
374,1/26/2021,US,142947,3475,NA,2078955,24904084,416265,NA,303815045
375,1/27/2021,US,152261,3911,NA,1920156,25056345,420176,NA,305735201
376,1/28/2021,US,150434,3789,NA,1857729,25206779,423965,NA,307592930
377,1/29/2021,US,158536,3189,NA,1448747,25365315,427154,NA,309041677
378,1/30/2021,US,131846,2685,NA,952131,25497161,429839,NA,309993808
379,1/31/2021,US,107855,2202,NA,1038973,25605016,432041,NA,311032781
380,2/1/2021,US,125369,2190,NA,1641847,25730385,434231,NA,312674628
381,2/2/2021,US,118063,2892,NA,1880127,25848448,437123,NA,314554755
382,2/3/2021,US,107328,3242,NA,1940461,25955776,440365,NA,316495216
383,2/4/2021,US,121745,3054,NA,1840036,26077521,443419,NA,318335252
384,2/5/2021,US,118717,3291,NA,1339279,26196238,446710,NA,319674531
385,2/6/2021,US,102755,2674,NA,832015,26298993,449384,NA,320506546
386,2/7/2021,US,86652,1729,NA,1050833,26385645,451113,NA,321557379
387,2/8/2021,US,78485,1626,NA,1702272,26464130,452739,NA,323259651
388,2/9/2021,US,89114,2350,NA,1650095,26553244,455089,NA,324909746
389,2/10/2021,US,93554,2727,NA,1425452,26646798,457816,NA,326335198
390,2/11/2021,US,94695,3162,NA,1420178,26741493,460978,NA,327755376
391,2/12/2021,US,92969,2455,NA,1105793,26834462,465992,NA,328861169
392,2/13/2021,US,80459,2003,NA,666277,26914921,469199,NA,329527446
393,2/14/2021,US,62598,1478,NA,804406,26977519,470677,NA,330331852
394,2/15/2021,US,55389,1322,NA,1257842,27032908,471999,NA,331589694
395,2/16/2021,US,54769,1348,NA,1478588,27087677,473347,NA,333068282
396,2/17/2021,US,60394,2083,NA,1421213,27148071,475430,NA,334489495
397,2/18/2021,US,63847,2166,NA,1360559,27211918,477596,NA,335850054
398,2/19/2021,US,69225,2352,NA,1062088,27281143,479948,NA,336912142
399,2/20/2021,US,63246,1817,NA,685939,27344389,481765,NA,337598081
400,2/21/2021,US,51712,1491,NA,1046296,27396101,483256,NA,338644377
401,2/22/2021,US,53074,1453,NA,1652105,27449175,484709,NA,340296482
402,2/23/2021,US,67536,1643,NA,1698083,27516711,486352,NA,341994565
403,2/24/2021,US,68174,1916,NA,1619506,27584885,488268,NA,343614071
404,2/25/2021,US,67307,2860,NA,1484532,27652192,491128,NA,345098603
405,2/26/2021,US,69107,1840,NA,1079056,27721299,492968,NA,346177659
406,2/27/2021,US,64199,1538,NA,636377,27785498,494506,NA,346814036
407,2/28/2021,US,47877,1014,NA,1001190,27833375,495520,NA,347815226
408,3/1/2021,US,48619,1195,NA,1619773,27881994,496715,NA,349434999
409,3/2/2021,US,51165,1285,NA,1747119,27933159,498000,NA,351182118
410,3/3/2021,US,61123,1483,NA,1561736,27994282,499483,NA,352743854
411,3/4/2021,US,61375,1503,NA,1439062,28055657,500986,NA,354182916
412,3/5/2021,US,59910,1872,NA,1069884,28115567,502858,NA,355252800
413,3/6/2021,US,53464,1201,NA,612397,28169031,504059,NA,355865197
414,3/7/2021,US,39828,853,NA,983512,28208859,504912,NA,356848709
415,3/8/2021,US,40689,767,NA,1548198,28249548,505679,NA,358396907
416,3/9/2021,US,50254,954,NA,1623947,28300693,506771,NA,360020854
417,3/10/2021,US,57565,1503,NA,1507440,28358258,508274,NA,361528294
418,3/11/2021,US,55850,1254,NA,1405092,28414108,509528,NA,362933386
419,3/12/2021,US,59922,1225,NA,1028405,28474030,510918,NA,363961791
420,3/13/2021,US,48190,909,NA,580891,28522220,511827,NA,364542682
421,3/14/2021,US,43316,585,NA,954448,28565536,512412,NA,365497130
422,3/15/2021,US,40750,630,NA,1505118,28606286,513042,NA,367002248
423,3/16/2021,US,49196,816,NA,1623642,28655482,513858,NA,368625890
424,3/17/2021,US,56235,1008,NA,1480244,28711717,514866,NA,370106134
425,3/18/2021,US,58696,776,NA,1349255,28770413,515642,NA,371455389
426,3/19/2021,US,58003,1134,NA,991729,28828416,516776,NA,372447118
427,3/20/2021,US,54447,660,NA,615497,28882863,517436,NA,373062615
428,3/21/2021,US,41317,505,NA,979485,28924180,517941,NA,374042100
429,3/22/2021,US,45529,887,NA,1535947,28969709,518828,NA,375578047
430,3/23/2021,US,55098,701,NA,1663481,29024807,519529,NA,377241528
431,3/24/2021,US,63279,1068,NA,1452746,29088086,520597,NA,378694274
432,3/25/2021,US,61667,934,NA,1378836,29149753,521531,NA,380073110
433,3/26/2021,US,70589,1019,NA,1001041,29220342,522550,NA,381074151
434,3/27/2021,US,58296,775,NA,624619,29278638,523325,NA,381698770
435,3/28/2021,US,49002,555,NA,1012298,29327640,523880,NA,382711068
436,3/29/2021,US,55436,491,NA,1536744,29383076,524371,NA,384247812
437,3/30/2021,US,59290,659,NA,1585780,29442366,525030,NA,385833592
438,3/31/2021,US,66126,908,NA,1447288,29508492,525938,NA,387280880
439,4/1/2021,US,70053,771,NA,1347899,29578545,526709,NA,388628779
440,4/2/2021,US,66923,778,NA,972528,29645468,527487,NA,389601307
441,4/3/2021,US,60131,689,NA,565221,29705599,528176,NA,390166528
442,4/4/2021,US,42263,467,NA,951736,29747862,528643,NA,391118264
443,4/5/2021,US,54394,330,NA,1555863,29802256,528973,NA,392674127
444,4/6/2021,US,62163,674,NA,1670398,29864419,529647,NA,394344525
445,4/7/2021,US,71826,776,NA,1519384,29936245,530423,NA,395863909
446,4/8/2021,US,72548,816,NA,1453824,30008793,531239,NA,397317733
447,4/9/2021,US,73887,790,NA,1012634,30082752,532055,NA,398330367
448,4/10/2021,US,65426,694,NA,645675,30148178,532749,NA,398976042
449,4/11/2021,US,51189,411,NA,1057190,30199367,533160,NA,400033232
450,4/12/2021,US,59850,498,NA,1614442,30259217,533658,NA,401647674
451,4/13/2021,US,69980,688,NA,1677285,30329197,534346,NA,403324959
452,4/14/2021,US,68537,762,NA,1486017,30397734,535108,NA,404810976
453,4/15/2021,US,70220,760,NA,1457318,30467954,535868,NA,406268294
454,4/16/2021,US,69304,774,NA,1009009,30537258,536642,NA,407277303
455,4/17/2021,US,75602,590,NA,613233,30612860,537232,NA,407890536
456,4/18/2021,US,47624,470,NA,1020697,30660484,537702,NA,408911233
457,4/19/2021,US,34355,452,NA,1571575,30694839,538154,NA,410482808
458,4/20/2021,US,56343,702,NA,1656011,30751182,538856,NA,412138819
459,4/21/2021,US,61861,738,NA,1498558,30813043,539594,NA,413637377
460,4/22/2021,US,60436,760,NA,1412186,30873479,540354,NA,415049563
461,4/23/2021,US,61134,805,NA,995672,30934613,541159,NA,416045235
462,4/24/2021,US,50522,619,NA,590769,30985135,541778,NA,416636004
463,4/25/2021,US,39812,389,NA,999611,31024947,542167,NA,417635615
464,4/26/2021,US,38757,459,NA,1575316,31054699,542626,NA,419210931
465,4/27/2021,US,49580,516,NA,1581606,31104279,543142,NA,420792537
466,4/28/2021,US,53539,816,NA,1422330,31157818,543958,NA,422214867
467,4/29/2021,US,54760,734,NA,1316420,31212578,544692,NA,423531287
468,4/30/2021,US,54058,766,NA,905273,31266636,545458,NA,424436560
469,5/1/2021,US,47264,593,NA,523020,31313900,546051,NA,424959580
470,5/2/2021,US,35625,463,NA,897890,31349525,546514,NA,425857470
471,5/3/2021,US,32551,447,NA,1423827,31382076,546961,NA,427281297
472,5/4/2021,US,42018,665,NA,1532197,31424094,547626,NA,428813494
473,5/5/2021,US,43906,698,NA,1311495,31468000,548324,NA,430124989
474,5/6/2021,US,42232,642,NA,1179260,31510232,548966,NA,431304249
475,5/7/2021,US,43909,787,NA,853463,31554141,549753,NA,432157712
476,5/8/2021,US,36077,584,NA,485271,31590218,550337,NA,432642983
477,5/9/2021,US,26620,371,NA,860803,31616838,550708,NA,433503786
478,5/10/2021,US,24187,393,NA,1337090,31641025,551101,NA,434840876
479,5/11/2021,US,32697,582,NA,1345783,31673722,551683,NA,436186659
480,5/12/2021,US,35281,675,NA,1196360,31709003,552358,NA,437383019
481,5/13/2021,US,39804,568,NA,1087337,31748807,552926,NA,438470356
482,5/14/2021,US,34806,682,NA,788706,31783613,553608,NA,439259062
483,5/15/2021,US,29077,412,NA,454576,31812732,554020,NA,439713638
484,5/16/2021,US,20865,415,NA,798919,31833597,554435,NA,440512557
485,5/17/2021,US,19212,362,NA,1215395,31852809,554797,NA,441727952
486,5/18/2021,US,27463,584,NA,1181316,31880272,555381,NA,442909268
487,5/19/2021,US,27233,591,NA,1009421,31907505,555972,NA,443918689
488,5/20/2021,US,27472,519,NA,986733,31934977,556491,NA,444905422
489,5/21/2021,US,27608,659,NA,710170,31962585,557150,NA,445615592
490,5/22/2021,US,21757,381,NA,409150,31984342,557531,NA,446024742
491,5/23/2021,US,15535,276,NA,713161,31999877,557807,NA,446737903
492,5/24/2021,US,15073,340,NA,1074752,32014950,558364,NA,447812655
493,5/25/2021,US,24144,496,NA,1051765,32039094,558860,NA,448864420
494,5/26/2021,US,23250,513,NA,928543,32062344,559373,NA,449792963
495,5/27/2021,US,21785,540,NA,839535,32084129,559913,NA,450632498
496,5/28/2021,US,24498,700,NA,580022,32108627,560613,NA,451212520
497,5/29/2021,US,15334,301,NA,360333,32123961,560914,NA,451572853
498,5/30/2021,US,12081,243,NA,316451,32136042,561157,NA,451889304
499,5/31/2021,US,9167,219,NA,709780,32145209,561376,NA,452599084
500,6/1/2021,US,8966,330,NA,1110518,32154175,561706,NA,453709602
501,6/2/2021,US,16101,484,NA,989558,32170276,562190,NA,454699160
502,6/3/2021,US,17935,463,NA,870163,32188211,562653,NA,455569323
503,6/4/2021,US,18437,577,NA,617069,32206648,563230,NA,456186392
504,6/5/2021,US,14512,381,NA,368902,32221160,563611,NA,456555294
505,6/6/2021,US,10734,431,NA,644859,32231894,564042,NA,457200153
506,6/7/2021,US,9750,314,NA,886154,32241644,564356,NA,458086307
507,6/8/2021,US,13965,308,NA,867847,32255609,564664,NA,458954154
508,6/9/2021,US,19215,366,NA,785045,32275288,565048,NA,459739199
509,6/10/2021,US,15470,382,NA,764585,32290758,565430,NA,460503784
510,6/11/2021,US,13920,401,NA,557593,32304678,565831,NA,461061377
511,6/12/2021,US,12206,192,NA,345635,32316884,566023,NA,461407012
512,6/13/2021,US,8592,144,NA,598005,32325476,566167,NA,462005017
513,6/14/2021,US,8173,200,NA,832178,32333649,566367,NA,462837195
514,6/15/2021,US,12652,302,NA,793291,32346301,566669,NA,463630486
515,6/16/2021,US,12987,341,NA,725388,32359288,567010,NA,464355874
516,6/17/2021,US,13281,274,NA,693999,32372569,567284,NA,465049873
517,6/18/2021,US,11774,268,NA,496987,32384343,567552,NA,465546860
518,6/19/2021,US,12226,253,NA,333442,32396569,567805,NA,465880302
519,6/20/2021,US,8941,218,NA,571046,32405510,568023,NA,466451348
520,6/21/2021,US,8594,260,NA,782706,32414104,568283,NA,467234054
521,6/22/2021,US,13272,307,NA,764641,32427376,568590,NA,467998695
522,6/23/2021,US,13652,335,NA,694855,32441028,568925,NA,468693550
523,6/24/2021,US,15383,312,NA,673576,32456411,569237,NA,469367126
524,6/25/2021,US,14916,388,NA,492767,32471327,569635,NA,469859893
525,6/26/2021,US,13048,233,NA,339027,32484375,569868,NA,470198920
526,6/27/2021,US,10450,164,NA,552805,32494825,570032,NA,470751725
527,6/28/2021,US,10438,191,NA,697791,32505263,570223,NA,471449516
528,6/29/2021,US,15471,275,NA,678281,32520734,570498,NA,472127797
529,6/30/2021,US,11477,241,NA,642637,32532211,570739,NA,472770434
530,7/1/2021,US,18439,286,NA,600066,32550650,571025,NA,473370500
531,7/2/2021,US,16776,300,NA,446885,32567426,571325,NA,473817385
532,7/3/2021,US,13038,151,NA,260390,32580464,571476,NA,474077775
533,7/4/2021,US,10322,119,NA,307144,32590786,571595,NA,474384919
534,7/5/2021,US,9135,102,NA,591839,32599921,571697,NA,474976758
535,7/6/2021,US,19964,301,NA,778406,32619885,571998,NA,475755164
536,7/7/2021,US,22225,251,NA,725498,32642110,572249,NA,476480662
537,7/8/2021,US,27316,262,NA,665708,32825211,572511,NA,477146370
538,7/9/2021,US,27292,308,NA,488166,32852503,572819,NA,477634536
539,7/10/2021,US,20450,143,NA,342163,32872953,572962,NA,477976699
540,7/11/2021,US,16276,114,NA,588459,32889229,573076,NA,478565158
541,7/12/2021,US,28873,304,NA,739434,32918102,573380,NA,479304592
542,7/13/2021,US,34664,330,NA,759866,32952766,573710,NA,480064458
543,7/14/2021,US,38040,339,NA,768654,32990912,574049,NA,480833112
544,7/15/2021,US,40039,318,NA,725414,33031063,574367,NA,481558526
545,7/16/2021,US,41855,365,NA,526525,33072960,574732,NA,482085051
546,7/17/2021,US,31693,176,NA,397013,33104724,574908,NA,482482064
547,7/18/2021,US,27713,143,NA,659433,33132482,575051,NA,483141497
548,7/19/2021,US,44322,282,NA,901377,33177070,575333,NA,484042874
549,7/20/2021,US,50435,320,NA,928496,33227641,575653,NA,484971370
550,7/21/2021,US,60702,394,NA,916712,33288527,576047,NA,485888082
551,7/22/2021,US,70739,342,NA,881685,33359549,576389,NA,486769767
552,7/23/2021,US,68749,412,NA,654174,33428643,576801,NA,487423941
553,7/24/2021,US,53006,246,NA,492079,33481771,577047,NA,487916020
554,7/25/2021,US,42557,246,NA,785262,33524356,577293,NA,488701282
555,7/26/2021,US,70487,417,NA,1035755,33594879,577710,NA,489737037
556,7/27/2021,US,84947,501,NA,1107746,33679968,578211,NA,490844783
557,7/28/2021,US,88104,488,NA,1110805,33768192,578699,NA,491955588
558,7/29/2021,US,98319,496,NA,1049178,33866740,579195,NA,493004766
559,7/30/2021,US,103739,515,NA,766133,33970813,579710,NA,493770899
560,7/31/2021,US,79816,390,NA,568449,34050793,580100,NA,494339348
561,8/1/2021,US,60585,365,NA,967453,34111422,580465,NA,495306801
562,8/2/2021,US,101086,648,NA,1266552,34212533,581113,NA,496573353
563,8/3/2021,US,109035,706,NA,1322689,34321890,581819,NA,497896042
564,8/4/2021,US,125815,744,NA,1382334,34448038,582563,NA,499278376
565,8/5/2021,US,126878,750,NA,1337969,34575150,583313,NA,500616345
566,8/6/2021,US,124915,837,NA,1006276,34707838,584150,NA,501622621
567,8/7/2021,US,119136,635,NA,716086,34827073,584785,NA,502338707
568,8/8/2021,US,95837,522,NA,1134023,34922952,585307,NA,503472730
569,8/9/2021,US,92338,717,NA,1440071,35015372,586025,NA,504912801
570,8/10/2021,US,133152,956,NA,1532919,35148707,586981,NA,506445720
571,8/11/2021,US,142487,607,NA,1533427,35291464,587600,NA,507979147
572,8/12/2021,US,150201,987,NA,1530968,35441931,588587,NA,509510115
573,8/13/2021,US,145336,1179,NA,1129262,35587364,589780,NA,510639377
574,8/14/2021,US,138677,885,NA,795488,35726208,590665,NA,511434865
575,8/15/2021,US,109448,674,NA,1281773,35835730,591339,NA,512716638
576,8/16/2021,US,107906,848,NA,1608743,35943766,592195,NA,514325381
577,8/17/2021,US,148629,1195,NA,1706521,36092645,593390,NA,516031902
578,8/18/2021,US,165467,1487,NA,1653511,36259152,594892,NA,517685413
579,8/19/2021,US,173806,1359,NA,1546171,36433162,596280,NA,519231584
580,8/20/2021,US,165027,1557,NA,1177444,36600123,597851,NA,520409028
581,8/21/2021,US,143172,1173,NA,840315,36743671,599024,NA,521249343
582,8/22/2021,US,126122,887,NA,1323025,36869863,599924,NA,522572368
583,8/23/2021,US,114884,1125,NA,1812961,36984816,601126,NA,524385329
584,8/24/2021,US,161519,1657,NA,1956837,37146702,602787,NA,526342166
585,8/25/2021,US,175875,1634,NA,1964454,37322834,604438,NA,528306620
586,8/26/2021,US,185096,1757,NA,1895469,37508183,606226,NA,530202089
587,8/27/2021,US,181236,1804,NA,1438616,37689620,608072,NA,531640705
588,8/28/2021,US,151486,1464,NA,985069,37841467,609536,NA,532625774
589,8/29/2021,US,117189,1152,NA,1459537,37958835,610721,NA,534085311
590,8/30/2021,US,131919,1199,NA,1974876,38090837,611955,NA,536060187
591,8/31/2021,US,175210,1742,NA,2040871,38266551,613747,NA,538101058
592,9/1/2021,US,197101,1983,NA,1972663,38463975,615766,NA,540073721
593,9/2/2021,US,181785,2016,NA,1870533,38646161,617798,NA,541944254
594,9/3/2021,US,180647,1940,NA,1363164,38827196,619766,NA,543307418
595,9/4/2021,US,143049,1498,NA,994174,38970662,621264,NA,544301592
596,9/5/2021,US,124106,1280,NA,825336,39095045,622593,NA,545126928
597,9/6/2021,US,108429,1054,NA,1407080,39203878,623662,NA,546534008
598,9/7/2021,US,116663,1459,NA,2047361,39320631,625208,NA,548581369
599,9/8/2021,US,167791,2068,NA,2071758,39489769,627334,NA,550653127
600,9/9/2021,US,182519,2237,NA,2070230,39672692,629577,NA,552723357
601,9/10/2021,US,170173,2243,NA,1536343,39843214,631869,NA,554259700
602,9/11/2021,US,154853,1746,NA,988024,39998594,633615,NA,555247724
603,9/12/2021,US,115504,1134,NA,1494404,40114177,634768,NA,556742128
604,9/13/2021,US,111269,1295,NA,1892123,40225610,636116,NA,558634251
605,9/14/2021,US,160429,2423,NA,2131656,40386699,638544,NA,560765907
606,9/15/2021,US,160964,2382,NA,2018344,40548579,641034,NA,562784251
607,9/16/2021,US,165311,2081,NA,1923485,40714430,643140,NA,564707736
608,9/17/2021,US,156143,2297,NA,1397955,40871104,645474,NA,566105691
609,9/18/2021,US,123545,1609,NA,962932,40995224,647083,NA,567068623
610,9/19/2021,US,96033,1182,NA,1391491,41091344,648298,NA,568460114
611,9/20/2021,US,90724,1281,NA,1931957,41182101,649631,NA,570392071
612,9/21/2021,US,131485,2333,NA,2069730,41314210,651973,NA,572461801
613,9/22/2021,US,131029,2282,NA,2002182,41445684,654325,NA,574463983
614,9/23/2021,US,134609,2031,NA,1921589,41581759,656380,NA,576385572
615,9/24/2021,US,131746,2397,NA,1357531,41713862,658838,NA,577743103
616,9/25/2021,US,96702,1451,NA,880745,41811210,660289,NA,578623848
617,9/26/2021,US,76184,1015,NA,1233877,41887633,661331,NA,579857725
618,9/27/2021,US,100360,1462,NA,1881823,41988115,663240,NA,581739548
619,9/28/2021,US,114644,2101,NA,2020341,42103203,665363,NA,583759889
620,9/29/2021,US,114927,2197,NA,1940768,42218991,667610,NA,585700657
621,9/30/2021,US,121042,1911,NA,1832789,42340798,669555,NA,587533446
622,10/1/2021,US,119761,2154,NA,1323949,42461253,671751,NA,588857395
623,10/2/2021,US,82266,1313,NA,805932,42544012,673064,NA,589663327
624,10/3/2021,US,67106,952,NA,1278624,42611325,674040,NA,590941951
625,10/4/2021,US,84775,1223,NA,1851739,42696129,675332,NA,592793690
626,10/5/2021,US,102267,2047,NA,1985311,42798634,677379,NA,594779001
627,10/6/2021,US,105080,1991,NA,1910434,42914250,679421,NA,596689435
628,10/7/2021,US,111170,1730,NA,1793128,43026213,681167,NA,598482563
629,10/8/2021,US,106533,2208,NA,1240908,43133290,683415,NA,599723471
630,10/9/2021,US,70483,1070,NA,728860,43204421,684485,NA,600452331
631,10/10/2021,US,58919,734,NA,1159933,43263501,685517,NA,601612264
632,10/11/2021,US,73337,902,NA,1665009,43336922,686466,NA,603277273
633,10/12/2021,US,88471,1911,NA,1867700,43426042,688387,NA,605144973
634,10/13/2021,US,94773,1785,NA,1885776,43521547,690231,NA,607030749
635,10/14/2021,US,94465,1548,NA,1722893,43616510,691786,NA,608753642
636,10/15/2021,US,89964,1970,NA,1201912,43707280,693814,NA,609955554
637,10/16/2021,US,63301,921,NA,701870,43771406,694735,NA,610657424
638,10/17/2021,US,48641,710,NA,1235924,43820123,695458,NA,611893348
639,10/18/2021,US,67518,1252,NA,1725236,43887664,697723,NA,613618584
640,10/19/2021,US,79071,1841,NA,1891143,43967255,699565,NA,615509727
641,10/20/2021,US,75051,1747,NA,1847381,44042838,701390,NA,617357108
642,10/21/2021,US,86408,1518,NA,1624157,44129623,702908,NA,618981265
643,10/22/2021,US,80826,1883,NA,1108680,44210765,704868,NA,620089945
644,10/23/2021,US,35845,654,NA,636856,44247061,705522,NA,620726801
645,10/24/2021,US,25695,322,NA,1160718,44272850,705844,NA,621887519
646,10/25/2021,US,83219,985,NA,1688460,44356116,706885,NA,623575979
647,10/26/2021,US,101323,2005,NA,1809635,44457701,708915,NA,625385614
648,10/27/2021,US,82703,1705,NA,1699401,44540861,710686,NA,627085015
649,10/28/2021,US,81664,1275,NA,1562616,44644410,711962,NA,628647631
650,10/29/2021,US,85961,1713,NA,1060248,44730508,713746,NA,629707879
651,10/30/2021,US,34473,453,NA,617070,44765550,714199,NA,630324949
652,10/31/2021,US,25442,306,NA,1061722,44791056,714505,NA,631386671
653,11/1/2021,US,107668,1122,NA,1649184,44906683,715674,NA,633035855
654,11/2/2021,US,73444,1430,NA,1903268,44980812,717121,NA,634939123
655,11/3/2021,US,77953,1438,NA,1762772,45058873,718312,NA,636701895
656,11/4/2021,US,87786,1195,NA,1599565,45146878,719507,NA,638301460
657,11/5/2021,US,88555,1550,NA,1123158,45235619,721112,NA,639424618
658,11/6/2021,US,35669,477,NA,837990,45271816,721589,NA,640262608
659,11/7/2021,US,30023,243,NA,1254836,45301905,721832,NA,641517444
660,11/8/2021,US,115455,1149,NA,1874193,45417409,723005,NA,643391637
661,11/9/2021,US,81782,1567,NA,1835070,45499368,724572,NA,645226707
662,11/10/2021,US,90971,1252,NA,1737473,45592131,725912,NA,646964180
663,11/11/2021,US,72425,952,NA,1495151,45665146,726875,NA,648459331
664,11/12/2021,US,121418,1693,NA,1119447,45786709,728611,NA,649578778
665,11/13/2021,US,53940,544,NA,777700,45856020,729155,NA,650356478
666,11/14/2021,US,31830,217,NA,1263083,45887911,729372,NA,651619561
667,11/15/2021,US,132412,1023,NA,1860890,46020332,730434,NA,653480451
668,11/16/2021,US,96975,1444,NA,1968988,46117366,731878,NA,655449439
669,11/17/2021,US,103744,1262,NA,1898230,46221165,733318,NA,657347669
670,11/18/2021,US,111662,1070,NA,1672030,46343511,737171,NA,659019699
671,11/19/2021,US,113869,1600,NA,1144343,46457480,738842,NA,660164042
672,11/20/2021,US,46131,374,NA,763225,46503692,739216,NA,660927267
673,11/21/2021,US,34221,170,NA,1154537,46538403,739386,NA,662081804
674,11/22/2021,US,143827,1122,NA,1626358,46682280,740550,NA,663708162
675,11/23/2021,US,99386,1535,NA,1660588,46781792,742094,NA,665368750
676,11/24/2021,US,106793,1222,NA,756215,46888830,743463,NA,666124965
677,11/25/2021,US,69132,446,NA,764599,46958038,743909,NA,666889564
678,11/26/2021,US,81762,565,NA,906229,47039819,744474,NA,667795793
679,11/27/2021,US,51871,216,NA,819526,47091741,744690,NA,668615319
680,11/28/2021,US,52403,180,NA,1368784,47144236,744870,NA,669984103
681,11/29/2021,US,92596,1591,NA,1893848,47237003,746519,NA,671877951
682,11/30/2021,US,119062,1588,NA,1970662,47356230,748119,NA,673848613
683,12/1/2021,US,130739,1550,NA,2047338,47486969,749829,NA,675895951
684,12/2/2021,US,142230,1235,NA,1937242,47629199,751064,NA,677833193
685,12/3/2021,US,151867,1465,NA,1370251,47781066,752704,NA,679203444
686,12/4/2021,US,67401,572,NA,818558,47848467,753276,NA,680022002
687,12/5/2021,US,48953,268,NA,1295034,47897420,753544,NA,681317036
688,12/6/2021,US,181161,1238,NA,1948476,48078581,754829,NA,683265512
689,12/7/2021,US,123857,1825,NA,2053146,48202438,756654,NA,685318658
690,12/8/2021,US,126562,1269,NA,1916525,48329000,758108,NA,687235183
691,12/9/2021,US,134950,1143,NA,1852575,48463950,759251,NA,689087758
692,12/10/2021,US,134370,1829,NA,1304550,48598320,761231,NA,690392308
693,12/11/2021,US,64233,490,NA,810335,48662553,761721,NA,691202643
694,12/12/2021,US,49053,294,NA,1361115,48711606,762015,NA,692563758
695,12/13/2021,US,181764,1257,NA,1972370,48893370,763308,NA,694536128
696,12/14/2021,US,118734,1882,NA,2123232,49013829,765190,NA,696659360
697,12/15/2021,US,138980,1665,NA,2094633,49153649,767085,NA,698753993
698,12/16/2021,US,151663,1089,NA,1995986,49306659,768175,NA,700749979
699,12/17/2021,US,160892,1852,NA,1483232,49467551,770241,NA,702233211
700,12/18/2021,US,89395,597,NA,1040910,49556946,770838,NA,703274121
701,12/19/2021,US,77879,266,NA,1578182,49634825,771104,NA,704852303
702,12/20/2021,US,246896,1346,NA,2218970,49881721,772518,NA,707071273
703,12/21/2021,US,187686,2227,NA,2420469,50069407,774760,NA,709491742
704,12/22/2021,US,227703,1541,NA,2406280,50297110,776577,NA,711898022
705,12/23/2021,US,256022,996,NA,1787193,50553753,779736,NA,713685215
706,12/24/2021,US,241513,1355,NA,947337,50795266,781091,NA,714632552
707,12/25/2021,US,133088,267,NA,968032,50928354,781358,NA,715600584
708,12/26/2021,US,155209,239,NA,1718188,51083563,781597,NA,717318772
709,12/27/2021,US,422385,1621,NA,2314739,51505948,783542,NA,719633511
710,12/28/2021,US,360253,2084,NA,2344159,51866201,785626,NA,721977670
711,12/29/2021,US,455803,1537,NA,2363780,52322004,787395,NA,724341450
712,12/30/2021,US,557592,1302,NA,2017702,52879596,788697,NA,726359152
713,12/31/2021,US,469704,1335,NA,1260066,53349300,790032,NA,727619218
714,1/1/2022,US,303427,433,NA,1346665,53652727,790465,NA,728965883
715,1/2/2022,US,306948,306,NA,2260395,53959675,790771,NA,731226278
716,1/3/2022,US,873703,1452,NA,2948453,54833378,792395,NA,734174731
717,1/4/2022,US,690348,2751,NA,3201706,55523726,795146,NA,737376437
718,1/5/2022,US,697481,1620,NA,3180906,56221207,796931,NA,740557343
719,1/6/2022,US,764809,1998,NA,2916144,56986016,798929,NA,743473487
720,1/7/2022,US,867858,2341,NA,2200197,57853874,801406,NA,745673684
721,1/8/2022,US,449198,869,NA,1657732,58303072,802275,NA,747331416
722,1/9/2022,US,369858,599,NA,2139299,58672930,802874,NA,749470715
723,1/10/2022,US,1235521,1802,NA,2690654,59908451,804676,NA,752161369
724,1/11/2022,US,791928,3089,NA,2931705,60700379,807765,NA,755093074
725,1/12/2022,US,831735,2081,NA,3023212,61532114,810128,NA,758116286
726,1/13/2022,US,892398,2050,NA,2827437,62424512,812178,NA,760943723
727,1/14/2022,US,851859,2849,NA,2065215,63322942,815167,NA,763008938
728,1/15/2022,US,475180,1399,NA,1374825,63798122,816566,NA,764383763
729,1/16/2022,US,358114,709,NA,1737047,64156236,817275,NA,766120810
730,1/17/2022,US,956196,1224,NA,2595265,65112432,818499,NA,768716075
731,1/18/2022,US,852152,2509,NA,2959222,65964584,821008,NA,771675297
732,1/19/2022,US,775345,2750,NA,2794522,66739929,824166,NA,774469819
733,1/20/2022,US,767762,2780,NA,2478009,67507691,826946,NA,776947828
734,1/21/2022,US,778130,3800,NA,1748873,68285821,830825,NA,778696701
735,1/22/2022,US,334931,1260,NA,1145237,68620752,832085,NA,779841938
736,1/23/2022,US,291132,808,NA,1562060,68911884,832893,NA,781403998
737,1/24/2022,US,1004031,2587,NA,1945061,69915915,835480,NA,783349059
738,1/25/2022,US,492973,3417,NA,2090558,70408888,838897,NA,785439617
739,1/26/2022,US,542492,3031,NA,2045471,70951380,842196,NA,787485088
740,1/27/2022,US,567678,2769,NA,1887026,71519058,844965,NA,789372114
741,1/28/2022,US,526276,3520,NA,1226022,72045334,848606,NA,790598136
742,1/29/2022,US,224041,1543,NA,763787,72269375,850149,NA,791361923
743,1/30/2022,US,151980,799,NA,1247184,72421355,850948,NA,792609107
744,1/31/2022,US,571752,2557,NA,1772758,72993107,853576,NA,794381865
745,2/1/2022,US,296863,4133,NA,1892140,73289970,857709,NA,796274005
746,2/2/2022,US,303127,3109,NA,1600726,73593097,860818,NA,797874731
747,2/3/2022,US,349511,2659,NA,1482899,73942608,863477,NA,799357630
748,2/4/2022,US,268148,3412,NA,1118504,74224337,866889,NA,800476134
749,2/5/2022,US,105884,1266,NA,632971,74330221,868155,NA,801109105
750,2/6/2022,US,93097,615,NA,1251055,74423318,868770,NA,802360160
751,2/7/2022,US,293776,3145,NA,1647523,74727594,871915,NA,804007683
752,2/8/2022,US,197003,3694,NA,1562114,74924597,875609,NA,805569797
753,2/9/2022,US,194149,2944,NA,1470496,75118746,878553,NA,807040293
754,2/10/2022,US,166484,2543,NA,1405626,75285230,881096,NA,808445919
755,2/11/2022,US,155554,2906,NA,887709,75440784,884002,NA,809333628
756,2/12/2022,US,68978,986,NA,499705,75509762,884988,NA,809833333
757,2/13/2022,US,45559,666,NA,984801,75555321,885654,NA,810818134
758,2/14/2022,US,173739,2867,NA,1579440,75729060,888521,NA,812397574
759,2/15/2022,US,108373,3003,NA,1641067,75837433,891886,NA,814038641
760,2/16/2022,US,105547,2649,NA,1520156,75942980,894535,NA,815558797
761,2/17/2022,US,98798,2264,NA,1367808,76041778,896799,NA,816926605
762,2/18/2022,US,103932,2319,NA,898982,76146386,899118,NA,817825587
763,2/19/2022,US,41768,725,NA,459495,76188154,899843,NA,818285082
764,2/20/2022,US,29518,551,NA,716286,76217672,900394,NA,819001368
765,2/21/2022,US,47961,1074,NA,1222936,76265633,901468,NA,820224304
766,2/22/2022,US,115069,3248,NA,1378191,76380702,904716,NA,821602495
767,2/23/2022,US,73235,2576,NA,1236642,76453937,907292,NA,822839137
768,2/24/2022,US,74056,2446,NA,1132354,76527993,909738,NA,823971491
769,2/25/2022,US,75095,2346,NA,703980,76603088,912084,NA,824675471
770,2/26/2022,US,26249,580,NA,423505,76629337,912664,NA,825098976
771,2/27/2022,US,16373,335,NA,895604,76645710,912999,NA,825994580
772,2/28/2022,US,71582,2181,NA,1277396,76721814,915180,NA,827271976
